date,timestamp,price,open,high,low,close,7_day_MA
2024-06-25 00:00:00,1719273600000,3357.1006400727606,3417.7971372978254,3871.0820906216727,3357.1006400727606,3357.1006400727606,
2024-06-26 00:00:00,1719360000000,3395.304687339692,3357.1006400727606,3871.0820906216727,3357.1006400727606,3395.304687339692,
2024-06-27 00:00:00,1719446400000,3365.9446697083863,3395.304687339692,3871.0820906216727,3357.1006400727606,3365.9446697083863,
2024-06-28 00:00:00,1719532800000,3442.910158110125,3365.9446697083863,3871.0820906216727,3357.1006400727606,3442.910158110125,
2024-06-29 00:00:00,1719619200000,3374.6051303067916,3442.910158110125,3871.0820906216727,3357.1006400727606,3374.6051303067916,
2024-06-30 00:00:00,1719705600000,3371.278227967461,3374.6051303067916,3812.701856549199,3357.1006400727606,3371.278227967461,
2024-07-01 00:00:00,1719792000000,3435.3183276337395,3371.278227967461,3705.8998844045504,3357.1006400727606,3435.3183276337395,3391.7802630198507
2024-07-02 00:00:00,1719878400000,3438.009078999906,3435.3183276337395,3705.8998844045504,3357.1006400727606,3438.009078999906,3403.3386114380146
2024-07-03 00:00:00,1719964800000,3417.8984255478363,3438.009078999906,3705.8998844045504,3357.1006400727606,3417.8984255478363,3406.566288324892
2024-07-04 00:00:00,1720051200000,3295.808464429979,3417.8984255478363,3666.8276647258203,3295.808464429979,3295.808464429979,3396.546830427977
2024-07-05 00:00:00,1720137600000,3069.0434008340803,3295.808464429979,3618.508652976102,3069.0434008340803,3069.0434008340803,3343.137293674256
2024-07-06 00:00:00,1720224000000,2984.398102498264,3069.0434008340803,3618.508652976102,2984.398102498264,2984.398102498264,3287.393432558752
2024-07-07 00:00:00,1720310400000,3066.247437954064,2984.398102498264,3618.508652976102,2984.398102498264,3066.247437954064,3243.8176054139813
2024-07-08 00:00:00,1720396800000,2928.6012310061665,3066.247437954064,3618.508652976102,2928.6012310061665,2928.6012310061665,3171.4294487528996
2024-07-09 00:00:00,1720483200000,3016.0833537946064,2928.6012310061665,3618.508652976102,2928.6012310061665,3016.0833537946064,3111.1543451521425
2024-07-10 00:00:00,1720569600000,3064.0923605197886,3016.0833537946064,3618.508652976102,2928.6012310061665,3064.0923605197886,3060.610621576707
2024-07-11 00:00:00,1720656000000,3099.7101861313545,3064.0923605197886,3555.9658395535403,2928.6012310061665,3099.7101861313545,3032.5965818197606
2024-07-12 00:00:00,1720742400000,3102.0902302291074,3099.7101861313545,3555.9658395535403,2928.6012310061665,3102.0902302291074,3037.3175574476218
2024-07-13 00:00:00,1720828800000,3132.980838609695,3102.0902302291074,3555.9658395535403,2928.6012310061665,3132.980838609695,3058.5436626063974
2024-07-14 00:00:00,1720915200000,3173.5042341380185,3132.980838609695,3516.88098000528,2928.6012310061665,3173.5042341380185,3073.8660620612477
2024-07-15 00:00:00,1721001600000,3252.654184707363,3173.5042341380185,3516.88098000528,2928.6012310061665,3252.654184707363,3120.159341161419
2024-07-16 00:00:00,1721088000000,3488.5387580277174,3252.654184707363,3494.7985621731755,2928.6012310061665,3488.5387580277174,3187.6529703375777
2024-07-17 00:00:00,1721174400000,3446.7658893041003,3488.5387580277174,3488.5387580277174,2928.6012310061665,3446.7658893041003,3242.320617306765
2024-07-18 00:00:00,1721260800000,3389.441287038116,3446.7658893041003,3488.5387580277174,2928.6012310061665,3389.441287038116,3283.7107745791595
2024-07-19 00:00:00,1721347200000,3428.5520187667257,3389.441287038116,3488.5387580277174,2928.6012310061665,3428.5520187667257,3330.3481729416767
2024-07-20 00:00:00,1721433600000,3505.222536388452,3428.5520187667257,3505.222536388452,2928.6012310061665,3505.222536388452,3383.525558338642
2024-07-21 00:00:00,1721520000000,3522.8013028122487,3505.222536388452,3522.8013028122487,2928.6012310061665,3522.8013028122487,3433.425139577818
2024-07-22 00:00:00,1721606400000,3533.118349531153,3522.8013028122487,3533.118349531153,2928.6012310061665,3533.118349531153,3473.4914488383592
2024-07-23 00:00:00,1721692800000,3443.073350817144,3533.118349531153,3533.118349531153,2928.6012310061665,3443.073350817144,3466.99639066542
2024-07-24 00:00:00,1721779200000,3482.9837705931927,3443.073350817144,3533.118349531153,2928.6012310061665,3482.9837705931927,3472.1703737067187
2024-07-25 00:00:00,1721865600000,3336.3802530382436,3482.9837705931927,3533.118349531153,2928.6012310061665,3336.3802530382436,3464.5902259924515
2024-07-26 00:00:00,1721952000000,3173.7633983274727,3336.3802530382436,3533.118349531153,2928.6012310061665,3173.7633983274727,3428.191851643987
2024-07-27 00:00:00,1722038400000,3278.1869575279507,3173.7633983274727,3533.118349531153,2928.6012310061665,3278.1869575279507,3395.7581975210583
2024-07-28 00:00:00,1722124800000,3254.611672582785,3278.1869575279507,3533.118349531153,2928.6012310061665,3254.611672582785,3357.4453932025635
2024-07-29 00:00:00,1722211200000,3272.8501306701373,3254.611672582785,3533.118349531153,2928.6012310061665,3272.8501306701373,3320.2642190795605
2024-07-30 00:00:00,1722297600000,3316.942188773212,3272.8501306701373,3533.118349531153,2928.6012310061665,3316.942188773212,3302.2454816447134
2024-07-31 00:00:00,1722384000000,3276.981779516743,3316.942188773212,3533.118349531153,2928.6012310061665,3276.981779516743,3272.816625776649
2024-08-01 00:00:00,1722470400000,3233.076804863122,3276.981779516743,3533.118349531153,3016.0833537946064,3233.076804863122,3258.0589903230607
2024-08-02 00:00:00,1722556800000,3204.2465237463616,3233.076804863122,3533.118349531153,3064.0923605197886,3204.2465237463616,3262.4137225257587
2024-08-03 00:00:00,1722643200000,2983.300976694291,3204.2465237463616,3533.118349531153,2983.300976694291,2983.300976694291,3220.287153835236
2024-08-04 00:00:00,1722729600000,2906.7150241765007,2983.300976694291,3533.118349531153,2906.7150241765007,2906.7150241765007,3170.587632634338
2024-08-05 00:00:00,1722816000000,2682.4373928187924,2906.7150241765007,3533.118349531153,2682.4373928187924,2682.4373928187924,3086.242955798432
2024-08-06 00:00:00,1722902400000,2415.6311394312143,2682.4373928187924,3533.118349531153,2415.6311394312143,2415.6311394312143,2957.4842344638605
2024-08-07 00:00:00,1722988800000,2455.51137665051,2415.6311394312143,3533.118349531153,2415.6311394312143,2455.51137665051,2840.1313197686845
2024-08-08 00:00:00,1723075200000,2341.590346028249,2455.51137665051,3533.118349531153,2341.590346028249,2341.590346028249,2712.7761113637025
2024-08-09 00:00:00,1723161600000,2685.012750687489,2341.590346028249,3533.118349531153,2341.590346028249,2685.012750687489,2638.599858069578
2024-08-10 00:00:00,1723248000000,2602.1840712761878,2685.012750687489,3533.118349531153,2341.590346028249,2602.1840712761878,2584.154585866992
2024-08-11 00:00:00,1723334400000,2608.0357436286963,2602.1840712761878,3533.118349531153,2341.590346028249,2608.0357436286963,2541.4861172173055
2024-08-12 00:00:00,1723420800000,2558.790870730736,2608.0357436286963,3533.118349531153,2341.590346028249,2558.790870730736,2523.822328347583
2024-08-13 00:00:00,1723507200000,2726.777988551933,2558.790870730736,3533.118349531153,2341.590346028249,2726.777988551933,2568.2718782219713
2024-08-14 00:00:00,1723593600000,2703.5505587641255,2726.777988551933,3533.118349531153,2341.590346028249,2703.5505587641255,2603.706047095345
2024-08-15 00:00:00,1723680000000,2662.780395092489,2703.5505587641255,3482.9837705931927,2341.590346028249,2662.780395092489,2649.5903398188084
2024-08-16 00:00:00,1723766400000,2569.8604812159274,2662.780395092489,3482.9837705931927,2341.590346028249,2569.8604812159274,2633.1400156085847
2024-08-17 00:00:00,1723852800000,2592.249006212312,2569.8604812159274,3336.3802530382436,2341.590346028249,2592.249006212312,2631.72072059946
2024-08-18 00:00:00,1723939200000,2613.139261446099,2592.249006212312,3316.942188773212,2341.590346028249,2613.139261446099,2632.4497945733747
2024-08-19 00:00:00,1724025600000,2614.6012806263716,2613.139261446099,3316.942188773212,2341.590346028249,2614.6012806263716,2640.4227102727514
2024-08-20 00:00:00,1724112000000,2640.5904207330605,2614.6012806263716,3316.942188773212,2341.590346028249,2640.5904207330605,2628.110200584341
2024-08-21 00:00:00,1724198400000,2575.643435503567,2640.5904207330605,3316.942188773212,2341.590346028249,2575.643435503567,2609.8377544042605
2024-08-22 00:00:00,1724284800000,2630.2988017642488,2575.643435503567,3316.942188773212,2341.590346028249,2630.2988017642488,2605.197526785941
2024-08-23 00:00:00,1724371200000,2623.289171364539,2630.2988017642488,3276.981779516743,2341.590346028249,2623.289171364539,2612.8301968071714
2024-08-24 00:00:00,1724457600000,2763.2554073640704,2623.289171364539,3233.076804863122,2341.590346028249,2763.2554073640704,2637.259682685994
2024-08-25 00:00:00,1724544000000,2767.840733546234,2763.2554073640704,3204.2465237463616,2341.590346028249,2767.840733546234,2659.359892986013
2024-08-26 00:00:00,1724630400000,2745.164671605207,2767.840733546234,2983.300976694291,2341.590346028249,2745.164671605207,2678.0118059829897
2024-08-27 00:00:00,1724716800000,2683.0801154902983,2745.164671605207,2906.7150241765007,2341.590346028249,2683.0801154902983,2684.0817623768808
2024-08-28 00:00:00,1724803200000,2457.2773517547434,2683.0801154902983,2767.840733546234,2341.590346028249,2457.2773517547434,2667.1723218413345
2024-08-29 00:00:00,1724889600000,2527.0269814017706,2457.2773517547434,2767.840733546234,2341.590346028249,2527.0269814017706,2652.4192046466947
2024-08-30 00:00:00,1724976000000,2526.7383553003406,2527.0269814017706,2767.840733546234,2341.590346028249,2526.7383553003406,2638.6262309232375
2024-08-31 00:00:00,1725062400000,2527.690204915795,2526.7383553003406,2767.840733546234,2341.590346028249,2527.690204915795,2604.9740591449126
2024-09-01 00:00:00,1725148800000,2513.3643501004462,2527.690204915795,2767.840733546234,2457.2773517547434,2513.3643501004462,2568.6202900812286
2024-09-02 00:00:00,1725235200000,2430.0202661439344,2513.3643501004462,2767.840733546234,2430.0202661439344,2430.0202661439344,2523.5996607296183
2024-09-03 00:00:00,1725321600000,2534.9048168403706,2430.0202661439344,2767.840733546234,2430.0202661439344,2534.9048168403706,2502.431760922486
2024-09-04 00:00:00,1725408000000,2437.1471557556497,2534.9048168403706,2767.840733546234,2430.0202661439344,2437.1471557556497,2499.556018636901
2024-09-05 00:00:00,1725494400000,2448.30785784089,2437.1471557556497,2767.840733546234,2430.0202661439344,2448.30785784089,2488.3104295567755
2024-09-06 00:00:00,1725580800000,2367.7700509506026,2448.30785784089,2767.840733546234,2367.7700509506026,2367.7700509506026,2465.600671792527
2024-09-07 00:00:00,1725667200000,2223.780428382685,2367.7700509506026,2767.840733546234,2223.780428382685,2223.780428382685,2422.1849894306542
2024-09-08 00:00:00,1725753600000,2272.6972849951912,2223.780428382685,2767.840733546234,2223.780428382685,2272.6972849951912,2387.8039801299033
2024-09-09 00:00:00,1725840000000,2296.4029520764498,2272.6972849951912,2767.840733546234,2223.780428382685,2296.4029520764498,2368.715792405977
2024-09-10 00:00:00,1725926400000,2359.565766831627,2296.4029520764498,2767.840733546234,2223.780428382685,2359.565766831627,2343.6673566904424
2024-09-11 00:00:00,1726012800000,2389.4740111256497,2359.565766831627,2767.840733546234,2223.780428382685,2389.4740111256497,2336.8569074575853
2024-09-12 00:00:00,1726099200000,2342.9639236941434,2389.4740111256497,2767.840733546234,2223.780428382685,2342.9639236941434,2321.8077740080503
2024-09-13 00:00:00,1726185600000,2362.300238174588,2342.9639236941434,2767.840733546234,2223.780428382685,2362.300238174588,2321.0263721829047
2024-09-14 00:00:00,1726272000000,2445.08621032297,2362.300238174588,2767.840733546234,2223.780428382685,2445.08621032297,2352.64148388866
2024-09-15 00:00:00,1726358400000,2418.0828083179904,2445.08621032297,2767.840733546234,2223.780428382685,2418.0828083179904,2373.4108443633454
2024-09-16 00:00:00,1726444800000,2322.6433317480564,2418.0828083179904,2767.840733546234,2223.780428382685,2322.6433317480564,2377.159470030718
2024-09-17 00:00:00,1726531200000,2295.1348386540835,2322.6433317480564,2767.840733546234,2223.780428382685,2295.1348386540835,2367.9550517196403
2024-09-18 00:00:00,1726617600000,2341.0924132597524,2295.1348386540835,2745.164671605207,2223.780428382685,2341.0924132597524,2361.043394881655
2024-09-19 00:00:00,1726704000000,2361.960992100706,2341.0924132597524,2683.0801154902983,2223.780428382685,2361.960992100706,2363.7572617968776
2024-09-20 00:00:00,1726790400000,2465.2347833172967,2361.960992100706,2534.9048168403706,2223.780428382685,2465.2347833172967,2378.462196817265
2024-09-21 00:00:00,1726876800000,2557.6218555442515,2465.2347833172967,2557.6218555442515,2223.780428382685,2557.6218555442515,2394.538717563162
2024-09-22 00:00:00,1726963200000,2614.599604753501,2557.6218555442515,2614.599604753501,2223.780428382685,2614.599604753501,2422.6125456253785
2024-09-23 00:00:00,1727049600000,2582.847683741262,2614.599604753501,2614.599604753501,2223.780428382685,2582.847683741262,2459.784595910122
2024-09-24 00:00:00,1727136000000,2647.9931622033255,2582.847683741262,2647.9931622033255,2223.780428382685,2647.9931622033255,2510.192927845728
2024-09-25 00:00:00,1727222400000,2653.844345308008,2647.9931622033255,2653.844345308008,2223.780428382685,2653.844345308008,2554.871775281193
2024-09-26 00:00:00,1727308800000,2578.566359563475,2653.844345308008,2653.844345308008,2223.780428382685,2578.566359563475,2585.8153992044454
2024-09-27 00:00:00,1727395200000,2630.94983700893,2578.566359563475,2653.844345308008,2223.780428382685,2630.94983700893,2609.488978303251
2024-09-28 00:00:00,1727481600000,2698.1928212346033,2630.94983700893,2698.1928212346033,2223.780428382685,2698.1928212346033,2629.5705448304434
2024-09-29 00:00:00,1727568000000,2680.218702062471,2698.1928212346033,2698.1928212346033,2223.780428382685,2680.218702062471,2638.944701588868
2024-09-30 00:00:00,1727654400000,2659.611211611689,2680.218702062471,2698.1928212346033,2223.780428382685,2659.611211611689,2649.910919856072
2024-10-01 00:00:00,1727740800000,2597.3411516834435,2659.611211611689,2698.1928212346033,2272.6972849951912,2597.3411516834435,2642.674918353231
2024-10-02 00:00:00,1727827200000,2451.631522589772,2597.3411516834435,2698.1928212346033,2295.1348386540835,2451.631522589772,2613.7873722506265
2024-10-03 00:00:00,1727913600000,2365.231040243019,2451.631522589772,2698.1928212346033,2295.1348386540835,2365.231040243019,2583.31089806199
2024-10-04 00:00:00,1728000000000,2348.0048369247393,2365.231040243019,2698.1928212346033,2295.1348386540835,2348.0048369247393,2542.8901837642484
2024-10-05 00:00:00,1728086400000,2416.9184055552637,2348.0048369247393,2698.1928212346033,2295.1348386540835,2416.9184055552637,2502.7081243814855
2024-10-06 00:00:00,1728172800000,2415.4038137445546,2416.9184055552637,2698.1928212346033,2295.1348386540835,2415.4038137445546,2464.8774260503546
2024-10-07 00:00:00,1728259200000,2438.030912544012,2415.4038137445546,2698.1928212346033,2295.1348386540835,2438.030912544012,2433.2230976121145
2024-10-08 00:00:00,1728345600000,2422.7506412955013,2438.030912544012,2698.1928212346033,2295.1348386540835,2422.7506412955013,2408.281596128123
2024-10-09 00:00:00,1728432000000,2441.4651696200294,2422.7506412955013,2698.1928212346033,2295.1348386540835,2441.4651696200294,2406.829259989588
2024-10-10 00:00:00,1728518400000,2367.615096789395,2441.4651696200294,2698.1928212346033,2295.1348386540835,2367.615096789395,2407.1698394962136
2024-10-11 00:00:00,1728604800000,2381.7817088014776,2367.615096789395,2698.1928212346033,2341.0924132597524,2381.7817088014776,2411.9951069071763
2024-10-12 00:00:00,1728691200000,2435.7137843692162,2381.7817088014776,2698.1928212346033,2348.0048369247393,2435.7137843692162,2414.680161023455
2024-10-13 00:00:00,1728777600000,2477.6130275578225,2435.7137843692162,2698.1928212346033,2348.0048369247393,2477.6130275578225,2423.567191568208
2024-10-14 00:00:00,1728864000000,2466.8607267086663,2477.6130275578225,2698.1928212346033,2348.0048369247393,2466.8607267086663,2427.6857364488724
2024-10-15 00:00:00,1728950400000,2628.504376157751,2466.8607267086663,2698.1928212346033,2348.0048369247393,2628.504376157751,2457.0791271434796
2024-10-16 00:00:00,1729036800000,2602.0760435960988,2628.504376157751,2698.1928212346033,2348.0048369247393,2602.0760435960988,2480.023537711489
2024-10-17 00:00:00,1729123200000,2611.700159182395,2602.0760435960988,2698.1928212346033,2348.0048369247393,2611.700159182395,2514.892832339061
2024-10-18 00:00:00,1729209600000,2603.1202923346113,2611.700159182395,2698.1928212346033,2348.0048369247393,2603.1202923346113,2546.512629986652
2024-10-19 00:00:00,1729296000000,2643.156520987104,2603.1202923346113,2698.1928212346033,2348.0048369247393,2643.156520987104,2576.14730664635
2024-10-20 00:00:00,1729382400000,2649.979289580214,2643.156520987104,2698.1928212346033,2348.0048369247393,2649.979289580214,2600.771058363834
2024-10-21 00:00:00,1729468800000,2742.9591411600395,2649.979289580214,2742.9591411600395,2348.0048369247393,2742.9591411600395,2640.213688999745
2024-10-22 00:00:00,1729555200000,2665.731938974013,2742.9591411600395,2742.9591411600395,2348.0048369247393,2665.731938974013,2645.531912259211
2024-10-23 00:00:00,1729641600000,2619.5653130506435,2665.731938974013,2742.9591411600395,2348.0048369247393,2619.5653130506435,2648.030379324146
2024-10-24 00:00:00,1729728000000,2524.1038563091197,2619.5653130506435,2742.9591411600395,2348.0048369247393,2524.1038563091197,2635.5166217708206
2024-10-25 00:00:00,1729814400000,2536.234041319884,2524.1038563091197,2742.9591411600395,2348.0048369247393,2536.234041319884,2625.961443054431
2024-10-26 00:00:00,1729900800000,2422.09328922875,2536.234041319884,2742.9591411600395,2348.0048369247393,2422.09328922875,2594.380981374666
2024-10-27 00:00:00,1729987200000,2479.3736032443317,2422.09328922875,2742.9591411600395,2348.0048369247393,2479.3736032443317,2570.00874046954
2024-10-28 00:00:00,1730073600000,2505.502947138879,2479.3736032443317,2742.9591411600395,2367.615096789395,2505.502947138879,2536.0864270379457
2024-10-29 00:00:00,1730160000000,2564.8138556782997,2505.502947138879,2742.9591411600395,2367.615096789395,2564.8138556782997,2521.6695579957013
2024-10-30 00:00:00,1730246400000,2638.637351278122,2564.8138556782997,2742.9591411600395,2367.615096789395,2638.637351278122,2524.394134885341
2024-10-31 00:00:00,1730332800000,2657.6141818494384,2638.637351278122,2742.9591411600395,2367.615096789395,2657.6141818494384,2543.467038533958
2024-11-01 00:00:00,1730419200000,2514.750787241073,2657.6141818494384,2742.9591411600395,2367.615096789395,2514.750787241073,2540.3980022369847
2024-11-02 00:00:00,1730505600000,2513.8372870612066,2514.750787241073,2742.9591411600395,2367.615096789395,2513.8372870612066,2553.5042876416214
2024-11-03 00:00:00,1730592000000,2491.352150058657,2513.8372870612066,2742.9591411600395,2381.7817088014776,2491.352150058657,2555.2155086150965
2024-11-04 00:00:00,1730678400000,2456.979687344711,2491.352150058657,2742.9591411600395,2422.09328922875,2456.979687344711,2548.283614358787
2024-11-05 00:00:00,1730764800000,2395.9472139132804,2456.979687344711,2742.9591411600395,2395.9472139132804,2395.9472139132804,2524.159808392356
2024-11-06 00:00:00,1730851200000,2422.368479855642,2395.9472139132804,2742.9591411600395,2395.9472139132804,2422.368479855642,2493.264255332001
2024-11-07 00:00:00,1730937600000,2720.6217450068793,2422.368479855642,2742.9591411600395,2395.9472139132804,2720.6217450068793,2502.265335783064
2024-11-08 00:00:00,1731024000000,2894.9718733838376,2720.6217450068793,2894.9718733838376,2395.9472139132804,2894.9718733838376,2556.5826338034594
2024-11-09 00:00:00,1731110400000,2960.9593369382137,2894.9718733838376,2960.9593369382137,2395.9472139132804,2960.9593369382137,2620.457212357317
2024-11-10 00:00:00,1731196800000,3130.035524073996,2960.9593369382137,3130.035524073996,2395.9472139132804,3130.035524073996,2711.697694359508
2024-11-11 00:00:00,1731283200000,3191.9044555518153,3130.035524073996,3191.9044555518153,2395.9472139132804,3191.9044555518153,2816.686946960523
2024-11-12 00:00:00,1731369600000,3372.7914863430115,3191.9044555518153,3372.7914863430115,2395.9472139132804,3372.7914863430115,2956.236128736199
2024-11-13 00:00:00,1731456000000,3260.934386131155,3372.7914863430115,3372.7914863430115,2395.9472139132804,3260.934386131155,3076.0312582041297
2024-11-14 00:00:00,1731542400000,3191.8991843987947,3260.934386131155,3372.7914863430115,2395.9472139132804,3191.8991843987947,3143.356606688689
2024-11-15 00:00:00,1731628800000,3059.812296932496,3191.8991843987947,3372.7914863430115,2395.9472139132804,3059.812296932496,3166.9052386242115
2024-11-16 00:00:00,1731715200000,3093.913043390382,3059.812296932496,3372.7914863430115,2395.9472139132804,3093.913043390382,3185.8986252602363
2024-11-17 00:00:00,1731801600000,3133.8802234191417,3093.913043390382,3372.7914863430115,2395.9472139132804,3133.8802234191417,3186.4478680238276
2024-11-18 00:00:00,1731888000000,3075.534532601624,3133.8802234191417,3372.7914863430115,2395.9472139132804,3075.534532601624,3169.823593316658
2024-11-19 00:00:00,1731974400000,3209.4239073326826,3075.534532601624,3372.7914863430115,2395.9472139132804,3209.4239073326826,3146.4853677437536
2024-11-20 00:00:00,1732060800000,3112.9098010150224,3209.4239073326826,3372.7914863430115,2395.9472139132804,3112.9098010150224,3125.338998441449
2024-11-21 00:00:00,1732147200000,3075.193856649331,3112.9098010150224,3372.7914863430115,2395.9472139132804,3075.193856649331,3108.666808762954
2024-11-22 00:00:00,1732233600000,3365.9369715466096,3075.193856649331,3372.7914863430115,2395.9472139132804,3365.9369715466096,3152.398905136399
2024-11-23 00:00:00,1732320000000,3327.7571951719624,3365.9369715466096,3372.7914863430115,2395.9472139132804,3327.7571951719624,3185.8052125337676
2024-11-24 00:00:00,1732406400000,3394.036961782547,3327.7571951719624,3394.036961782547,2395.9472139132804,3394.036961782547,3222.9704608713973
2024-11-25 00:00:00,1732492800000,3368.7027619429946,3394.036961782547,3394.036961782547,2395.9472139132804,3368.7027619429946,3264.8516364915927
2024-11-26 00:00:00,1732579200000,3417.291223691937,3368.7027619429946,3417.291223691937,2395.9472139132804,3417.291223691937,3294.5469674000574
2024-11-27 00:00:00,1732665600000,3325.636532587645,3417.291223691937,3417.291223691937,2395.9472139132804,3325.636532587645,3324.936500481861
2024-11-28 00:00:00,1732752000000,3666.1884904377557,3325.636532587645,3666.1884904377557,2395.9472139132804,3666.1884904377557,3409.364305308779
2024-11-29 00:00:00,1732838400000,3579.2407862474997,3666.1884904377557,3666.1884904377557,2422.368479855642,3579.2407862474997,3439.8362788374775
2024-11-30 00:00:00,1732924800000,3598.1933212253616,3579.2407862474997,3666.1884904377557,2720.6217450068793,3598.1933212253616,3478.47001113082
2024-12-01 00:00:00,1733011200000,3709.9094391073327,3598.1933212253616,3709.9094391073327,2894.9718733838376,3709.9094391073327,3523.594650748647
2024-12-02 00:00:00,1733097600000,3708.8072387383017,3709.9094391073327,3709.9094391073327,2960.9593369382137,3708.8072387383017,3572.181004576548
2024-12-03 00:00:00,1733184000000,3643.855375704235,3708.8072387383017,3709.9094391073327,3059.812296932496,3643.855375704235,3604.547312006876
2024-12-04 00:00:00,1733270400000,3625.7104579497204,3643.855375704235,3709.9094391073327,3059.812296932496,3625.7104579497204,3647.4150156300298
2024-12-05 00:00:00,1733356800000,3839.443460715871,3625.7104579497204,3839.443460715871,3059.812296932496,3839.443460715871,3672.1657256697604
2024-12-06 00:00:00,1733443200000,3796.8688671601276,3839.443460715871,3839.443460715871,3059.812296932496,3796.8688671601276,3703.2554515144216
2024-12-07 00:00:00,1733529600000,4013.726145388712,3796.8688671601276,4013.726145388712,3059.812296932496,4013.726145388712,3762.6172835377574
2024-12-08 00:00:00,1733616000000,4000.992076502189,4013.726145388712,4013.726145388712,3059.812296932496,4000.992076502189,3804.200517451308
2024-12-09 00:00:00,1733702400000,4015.7820212328807,4000.992076502189,4015.7820212328807,3075.193856649331,4015.7820212328807,3848.0540578076766
2024-12-10 00:00:00,1733788800000,3713.3138979971745,4015.7820212328807,4015.7820212328807,3075.193856649331,3713.3138979971745,3857.976703849525
2024-12-11 00:00:00,1733875200000,3626.5886417774996,3713.3138979971745,4015.7820212328807,3075.193856649331,3626.5886417774996,3858.102158682065
2024-12-12 00:00:00,1733961600000,3828.1075883404096,3626.5886417774996,4015.7820212328807,3075.193856649331,3828.1075883404096,3856.4827483427134
2024-12-13 00:00:00,1734048000000,3878.850012073054,3828.1075883404096,4015.7820212328807,3075.193856649331,3878.850012073054,3868.1943404731314
2024-12-14 00:00:00,1734134400000,3907.4296595053356,3878.850012073054,4015.7820212328807,3075.193856649331,3907.4296595053356,3853.0091282040776
2024-12-15 00:00:00,1734220800000,3866.9958020348054,3907.4296595053356,4015.7820212328807,3325.636532587645,3866.9958020348054,3833.8668032801656
2024-12-16 00:00:00,1734307200000,3961.3154661802305,3866.9958020348054,4015.7820212328807,3325.636532587645,3961.3154661802305,3826.085866844073
2024-12-17 00:00:00,1734393600000,3992.857195846062,3961.3154661802305,4015.7820212328807,3325.636532587645,3992.857195846062,3866.0206236796284
2024-12-18 00:00:00,1734480000000,3879.4062240100893,3992.857195846062,4015.7820212328807,3325.636532587645,3879.4062240100893,3902.1374211414263
2024-12-19 00:00:00,1734566400000,3628.2624780444953,3879.4062240100893,4015.7820212328807,3325.636532587645,3628.2624780444953,3873.588119670582
2024-12-20 00:00:00,1734652800000,3434.6754695380805,3628.2624780444953,4015.7820212328807,3325.636532587645,3434.6754695380805,3810.1346135941567
2024-12-21 00:00:00,1734739200000,3468.658920056454,3434.6754695380805,4015.7820212328807,3434.6754695380805,3468.658920056454,3747.453079387174
2024-12-22 00:00:00,1734825600000,3337.5972231166807,3468.658920056454,4015.7820212328807,3337.5972231166807,3337.5972231166807,3671.8247109702984
2024-12-23 00:00:00,1734912000000,3275.8894274015142,3337.5972231166807,4015.7820212328807,3275.8894274015142,3275.8894274015142,3573.9067054304824
2024-12-24 00:00:00,1734998400000,3414.6414419807993,3275.8894274015142,4015.7820212328807,3275.8894274015142,3414.6414419807993,3491.3044548783014
2024-12-25 00:00:00,1735084800000,3497.555287927574,3414.6414419807993,4015.7820212328807,3275.8894274015142,3497.555287927574,3436.7543211522284
2024-12-26 00:00:00,1735171200000,3494.5109273631047,3497.555287927574,4015.7820212328807,3275.8894274015142,3494.5109273631047,3417.6469567691724
2024-12-27 00:00:00,1735257600000,3327.7897761683494,3494.5109273631047,4015.7820212328807,3275.8894274015142,3327.7897761683494,3402.377572002068
2024-12-28 00:00:00,1735344000000,3328.6111553091764,3327.7897761683494,4015.7820212328807,3275.8894274015142,3328.6111553091764,3382.3707484667425
2024-12-29 00:00:00,1735430400000,3397.8341205085153,3328.6111553091764,4015.7820212328807,3275.8894274015142,3397.8341205085153,3390.9760195227195
2024-12-30 00:00:00,1735516800000,3357.330742971463,3397.8341205085153,4015.7820212328807,3275.8894274015142,3357.330742971463,3402.610493175569
2024-12-31 00:00:00,1735603200000,3359.513941757392,3357.330742971463,4015.7820212328807,3275.8894274015142,3359.513941757392,3394.7351360007965
2025-01-01 00:00:00,1735689600000,3336.6175137659498,3359.513941757392,4015.7820212328807,3275.8894274015142,3336.6175137659498,3371.744025406279
2025-01-02 00:00:00,1735776000000,3348.967247123586,3336.6175137659498,3992.857195846062,3275.8894274015142,3348.967247123586,3350.952071086347
2025-01-03 00:00:00,1735862400000,3448.140436960939,3348.967247123586,3992.857195846062,3275.8894274015142,3448.140436960939,3368.145022628146
2025-01-04 00:00:00,1735948800000,3604.2913795931763,3448.140436960939,3992.857195846062,3275.8894274015142,3604.2913795931763,3407.5279118115745
2025-01-05 00:00:00,1736035200000,3660.37804173532,3604.2913795931763,3992.857195846062,3275.8894274015142,3660.37804173532,3445.034186272547
2025-01-06 00:00:00,1736121600000,3635.8549961807084,3660.37804173532,3992.857195846062,3275.8894274015142,3635.8549961807084,3484.823365302439
2025-01-07 00:00:00,1736208000000,3687.1447140588307,3635.8549961807084,3992.857195846062,3275.8894274015142,3687.1447140588307,3531.6277613455018
2025-01-08 00:00:00,1736294400000,3380.0211263090155,3687.1447140588307,3992.857195846062,3275.8894274015142,3380.0211263090155,3537.8282774230825
2025-01-09 00:00:00,1736380800000,3325.1300293537356,3380.0211263090155,3992.857195846062,3275.8894274015142,3325.1300293537356,3534.422960598818
2025-01-10 00:00:00,1736467200000,3219.09284475812,3325.1300293537356,3879.4062240100893,3219.09284475812,3219.09284475812,3501.7018759984153
2025-01-11 00:00:00,1736553600000,3269.1759954060667,3219.09284475812,3687.1447140588307,3219.09284475812,3269.1759954060667,3453.8282496859715
2025-01-12 00:00:00,1736640000000,3283.591322828503,3269.1759954060667,3687.1447140588307,3219.09284475812,3283.591322828503,3400.001575556426
2025-01-13 00:00:00,1736726400000,3264.070968533687,3283.591322828503,3687.1447140588307,3219.09284475812,3264.070968533687,3346.889571606851
2025-01-14 00:00:00,1736812800000,3134.5520394596483,3264.070968533687,3687.1447140588307,3134.5520394596483,3134.5520394596483,3267.947760949825
2025-01-15 00:00:00,1736899200000,3224.8006483414138,3134.5520394596483,3687.1447140588307,3134.5520394596483,3224.8006483414138,3245.7734069544535
2025-01-16 00:00:00,1736985600000,3447.0340476747956,3224.8006483414138,3687.1447140588307,3134.5520394596483,3447.0340476747956,3263.188266714605
2025-01-17 00:00:00,1737072000000,3309.4466139900196,3447.0340476747956,3687.1447140588307,3134.5520394596483,3309.4466139900196,3276.095948033448
2025-01-18 00:00:00,1737158400000,3477.284285084809,3309.4466139900196,3687.1447140588307,3134.5520394596483,3477.284285084809,3305.8257037018398
2025-01-19 00:00:00,1737244800000,3309.0995676199964,3477.284285084809,3687.1447140588307,3134.5520394596483,3309.0995676199964,3309.4697386720522
2025-01-20 00:00:00,1737331200000,3208.1365439891497,3309.0995676199964,3687.1447140588307,3134.5520394596483,3208.1365439891497,3301.4791065942622
2025-01-21 00:00:00,1737417600000,3263.069869880814,3208.1365439891497,3687.1447140588307,3134.5520394596483,3263.069869880814,3319.8387966544283
2025-01-22 00:00:00,1737504000000,3326.0285404709143,3263.069869880814,3687.1447140588307,3134.5520394596483,3326.0285404709143,3334.2999241014995
2025-01-23 00:00:00,1737590400000,3237.2996671291435,3326.0285404709143,3687.1447140588307,3134.5520394596483,3237.2996671291435,3304.3378697378353
2025-01-24 00:00:00,1737676800000,3332.580893146162,3237.2996671291435,3687.1447140588307,3134.5520394596483,3332.580893146162,3307.642766760141
2025-01-25 00:00:00,1737763200000,3311.8499838687,3332.580893146162,3687.1447140588307,3134.5520394596483,3311.8499838687,3284.0092951578404
2025-01-26 00:00:00,1737849600000,3320.1314101789453,3311.8499838687,3687.1447140588307,3134.5520394596483,3320.1314101789453,3285.585272666261
2025-01-27 00:00:00,1737936000000,3232.2767744705584,3320.1314101789453,3687.1447140588307,3134.5520394596483,3232.2767744705584,3289.033877020748
2025-01-28 00:00:00,1738022400000,3173.5346079397173,3232.2767744705584,3687.1447140588307,3134.5520394596483,3173.5346079397173,3276.2431253148775
2025-01-29 00:00:00,1738108800000,3076.4937692857234,3173.5346079397173,3687.1447140588307,3076.4937692857234,3076.4937692857234,3240.5953008598503
2025-01-30 00:00:00,1738195200000,3114.4358854363104,3076.4937692857234,3687.1447140588307,3076.4937692857234,3114.4358854363104,3223.043332046588
2025-01-31 00:00:00,1738281600000,3248.249484352305,3114.4358854363104,3477.284285084809,3076.4937692857234,3248.249484352305,3210.99598793318
2025-02-01 00:00:00,1738368000000,3296.390634843652,3248.249484352305,3477.284285084809,3076.4937692857234,3296.390634843652,3208.7875095010304
2025-02-02 00:00:00,1738454400000,3125.0386801320924,3296.390634843652,3477.284285084809,3076.4937692857234,3125.0386801320924,3180.9171194943374
2025-02-03 00:00:00,1738540800000,2862.6976188716285,3125.0386801320924,3477.284285084809,2862.6976188716285,2862.6976188716285,3128.1200972659185
2025-02-04 00:00:00,1738627200000,2877.8138239498767,2862.6976188716285,3477.284285084809,2862.6976188716285,2877.8138239498767,3085.8742709816556
2025-02-05 00:00:00,1738713600000,2740.3809762760143,2877.8138239498767,3477.284285084809,2740.3809762760143,2740.3809762760143,3037.8581576945544
2025-02-06 00:00:00,1738800000000,2790.5521609256075,2740.3809762760143,3477.284285084809,2740.3809762760143,2790.5521609256075,2991.5890541930253
2025-02-07 00:00:00,1738886400000,2686.662316793651,2790.5521609256075,3477.284285084809,2686.662316793651,2686.662316793651,2911.3623159703607
2025-02-08 00:00:00,1738972800000,2623.4507017824767,2686.662316793651,3477.284285084809,2623.4507017824767,2623.4507017824767,2815.228039818764
2025-02-09 00:00:00,1739059200000,2635.6011418023404,2623.4507017824767,3477.284285084809,2623.4507017824767,2635.6011418023404,2745.308391485942
2025-02-10 00:00:00,1739145600000,2632.5358220552475,2635.6011418023404,3477.284285084809,2623.4507017824767,2632.5358220552475,2712.4281347978877
2025-02-11 00:00:00,1739232000000,2660.2967996436387,2632.5358220552475,3332.580893146162,2623.4507017824767,2660.2967996436387,2681.354274182711
2025-02-12 00:00:00,1739318400000,2603.0333698049267,2660.2967996436387,3332.580893146162,2603.0333698049267,2603.0333698049267,2661.733187543984
2025-02-13 00:00:00,1739404800000,2736.2703136032396,2603.0333698049267,3332.580893146162,2603.0333698049267,2736.2703136032396,2653.978637926503
2025-02-14 00:00:00,1739491200000,2675.7090007037627,2736.2703136032396,3332.580893146162,2603.0333698049267,2675.7090007037627,2652.4138784850907
2025-02-15 00:00:00,1739577600000,2724.6698335873957,2675.7090007037627,3332.580893146162,2603.0333698049267,2724.6698335873957,2666.873754457222
2025-02-16 00:00:00,1739664000000,2692.8213863864253,2724.6698335873957,3332.580893146162,2603.0333698049267,2692.8213863864253,2675.0480751120913
2025-02-17 00:00:00,1739750400000,2659.9017474093457,2692.8213863864253,3320.1314101789453,2603.0333698049267,2659.9017474093457,2678.957493019819
2025-02-18 00:00:00,1739836800000,2741.9050800956124,2659.9017474093457,3320.1314101789453,2603.0333698049267,2741.9050800956124,2690.6158187986725
2025-02-19 00:00:00,1739923200000,2669.4945006896073,2741.9050800956124,3296.390634843652,2603.0333698049267,2669.4945006896073,2700.1102660679126
2025-02-20 00:00:00,1740009600000,2714.8018364720533,2669.4945006896073,3296.390634843652,2603.0333698049267,2714.8018364720533,2697.0433407634578
2025-02-21 00:00:00,1740096000000,2741.5933625994785,2714.8018364720533,3296.390634843652,2603.0333698049267,2741.5933625994785,2706.4553924628453
2025-02-22 00:00:00,1740182400000,2658.3470942919384,2741.5933625994785,3296.390634843652,2603.0333698049267,2658.3470942919384,2696.980715420638
2025-02-23 00:00:00,1740268800000,2764.355233404291,2658.3470942919384,3296.390634843652,2603.0333698049267,2764.355233404291,2707.19983642319
2025-02-24 00:00:00,1740355200000,2827.1844084879804,2764.355233404291,3296.390634843652,2603.0333698049267,2827.1844084879804,2731.0973594344227
2025-02-25 00:00:00,1740441600000,2503.103420098605,2827.1844084879804,3125.0386801320924,2503.103420098605,2503.103420098605,2696.9828365777075
2025-02-26 00:00:00,1740528000000,2495.315451693047,2503.103420098605,2877.8138239498767,2495.315451693047,2495.315451693047,2672.1001152924846
2025-02-27 00:00:00,1740614400000,2325.853934699374,2495.315451693047,2877.8138239498767,2325.853934699374,2325.853934699374,2616.5361293249593
2025-02-28 00:00:00,1740700800000,2305.3229378029837,2325.853934699374,2827.1844084879804,2305.3229378029837,2305.3229378029837,2554.21178292546
2025-03-01 00:00:00,1740787200000,2235.204208608959,2305.3229378029837,2827.1844084879804,2235.204208608959,2235.204208608959,2493.762799256463
2025-03-02 00:00:00,1740873600000,2212.8243514969954,2235.204208608959,2827.1844084879804,2212.8243514969954,2212.8243514969954,2414.9726732697063
2025-03-03 00:00:00,1740960000000,2517.3382391622977,2212.8243514969954,2827.1844084879804,2212.8243514969954,2517.3382391622977,2370.708934794609
2025-03-04 00:00:00,1741046400000,2148.199533470228,2517.3382391622977,2827.1844084879804,2148.199533470228,2148.199533470228,2320.0083795619835
2025-03-05 00:00:00,1741132800000,2171.496943535016,2148.199533470228,2827.1844084879804,2148.199533470228,2171.496943535016,2273.748592682265
2025-03-06 00:00:00,1741219200000,2241.3841149187283,2171.496943535016,2827.1844084879804,2148.199533470228,2241.3841149187283,2261.681475570744
2025-03-07 00:00:00,1741305600000,2202.3207363495417,2241.3841149187283,2827.1844084879804,2148.199533470228,2202.3207363495417,2246.9668753631095
2025-03-08 00:00:00,1741392000000,2140.7498089428914,2202.3207363495417,2827.1844084879804,2140.7498089428914,2140.7498089428914,2233.473389696528
2025-03-09 00:00:00,1741478400000,2199.9995000805707,2140.7498089428914,2827.1844084879804,2140.7498089428914,2199.9995000805707,2231.6412680656103
2025-03-10 00:00:00,1741564800000,2017.265460184326,2199.9995000805707,2827.1844084879804,2017.265460184326,2017.265460184326,2160.202299640186
2025-03-11 00:00:00,1741651200000,1879.1231054991026,2017.265460184326,2827.1844084879804,1879.1231054991026,1879.1231054991026,2121.762809930025
2025-03-12 00:00:00,1741737600000,1921.3099227587034,1879.1231054991026,2827.1844084879804,1879.1231054991026,1921.3099227587034,2086.0218069619805
2025-03-13 00:00:00,1741824000000,1910.6551381032464,1921.3099227587034,2827.1844084879804,1879.1231054991026,1910.6551381032464,2038.7748102740545
2025-03-14 00:00:00,1741910400000,1862.7949366490388,1910.6551381032464,2827.1844084879804,1862.7949366490388,1862.7949366490388,1990.2711246025542
2025-03-15 00:00:00,1741996800000,1910.6662703455045,1862.7949366490388,2827.1844084879804,1862.7949366490388,1910.6662703455045,1957.4020476600704
2025-03-16 00:00:00,1742083200000,1939.7856881721348,1910.6662703455045,2827.1844084879804,1862.7949366490388,1939.7856881721348,1920.228645958865
2025-03-17 00:00:00,1742169600000,1887.7643429692785,1939.7856881721348,2827.1844084879804,1862.7949366490388,1887.7643429692785,1901.7284863567158
2025-03-18 00:00:00,1742256000000,1929.1833577618722,1887.7643429692785,2827.1844084879804,1862.7949366490388,1929.1833577618722,1908.8799509656824
2025-03-19 00:00:00,1742342400000,1932.7964059050657,1929.1833577618722,2827.1844084879804,1862.7949366490388,1932.7964059050657,1910.5208771294488
2025-03-20 00:00:00,1742428800000,2060.728601068271,1932.7964059050657,2517.3382391622977,1862.7949366490388,2060.728601068271,1931.9599432673094
2025-03-21 00:00:00,1742515200000,1980.831780524645,2060.728601068271,2517.3382391622977,1862.7949366490388,1980.831780524645,1948.822349535253
2025-03-22 00:00:00,1742601600000,1964.5293833168294,1980.831780524645,2517.3382391622977,1862.7949366490388,1964.5293833168294,1956.5170799597283
2025-03-23 00:00:00,1742688000000,1979.5449257665966,1964.5293833168294,2517.3382391622977,1862.7949366490388,1979.5449257665966,1962.1969710446513
2025-03-24 00:00:00,1742774400000,2001.0470230951883,1979.5449257665966,2517.3382391622977,1862.7949366490388,2001.0470230951883,1978.3802110626382
2025-03-25 00:00:00,1742860800000,2077.739325831977,2001.0470230951883,2517.3382391622977,1862.7949366490388,2077.739325831977,1999.6024922155102
2025-03-26 00:00:00,1742947200000,2068.598435049149,2077.739325831977,2517.3382391622977,1862.7949366490388,2068.598435049149,2019.0027820932366
2025-03-27 00:00:00,1743033600000,2009.8835432902426,2068.598435049149,2241.3841149187283,1862.7949366490388,2009.8835432902426,2011.7392024106612
2025-03-28 00:00:00,1743120000000,2003.3034241292064,2009.8835432902426,2241.3841149187283,1862.7949366490388,2003.3034241292064,2014.949437211313
2025-03-29 00:00:00,1743206400000,1896.9173600459985,2003.3034241292064,2241.3841149187283,1862.7949366490388,1896.9173600459985,2005.2905767440511
2025-03-30 00:00:00,1743292800000,1829.2745211803463,1896.9173600459985,2202.3207363495417,1829.2745211803463,1829.2745211803463,1983.8233760888727
2025-03-31 00:00:00,1743379200000,1805.3378779435934,1829.2745211803463,2199.9995000805707,1805.3378779435934,1805.3378779435934,1955.864926781502
2025-04-01 00:00:00,1743465600000,1824.2071367609847,1805.3378779435934,2199.9995000805707,1805.3378779435934,1824.2071367609847,1919.646042628503
2025-04-02 00:00:00,1743552000000,1907.1671522994227,1824.2071367609847,2077.739325831977,1805.3378779435934,1907.1671522994227,1896.5844308071137
2025-04-03 00:00:00,1743638400000,1795.761850567479,1907.1671522994227,2077.739325831977,1795.761850567479,1795.761850567479,1865.9956175610043
2025-04-04 00:00:00,1743724800000,1818.2844199542053,1795.761850567479,2077.739325831977,1795.761850567479,1818.2844199542053,1839.56433125029
2025-04-05 00:00:00,1743811200000,1814.4807753449506,1818.2844199542053,2077.739325831977,1795.761850567479,1814.4807753449506,1827.7876762929975
2025-04-06 00:00:00,1743897600000,1809.935827172196,1814.4807753449506,2077.739325831977,1795.761850567479,1809.935827172196,1825.0250057204046
2025-04-07 00:00:00,1743984000000,1574.6321611455576,1809.935827172196,2077.739325831977,1574.6321611455576,1574.6321611455576,1792.067046177828
2025-04-08 00:00:00,1744070400000,1555.909812570873,1574.6321611455576,2077.739325831977,1555.909812570873,1555.909812570873,1753.7388570078122
2025-04-09 00:00:00,1744156800000,1471.3608854365523,1555.909812570873,2077.739325831977,1471.3608854365523,1471.3608854365523,1691.4808188845448
2025-04-10 00:00:00,1744243200000,1662.5331604641576,1471.3608854365523,2077.739325831977,1471.3608854365523,1662.5331604641576,1672.4481488697845
2025-04-11 00:00:00,1744329600000,1523.928624242526,1662.5331604641576,2077.739325831977,1471.3608854365523,1523.928624242526,1630.3973209109733
2025-04-12 00:00:00,1744416000000,1568.131690125936,1523.928624242526,2077.739325831977,1471.3608854365523,1568.131690125936,1595.204594451114
2025-04-13 00:00:00,1744502400000,1645.8625733156498,1568.131690125936,2077.739325831977,1471.3608854365523,1645.8625733156498,1571.765558185893
2025-04-14 00:00:00,1744588800000,1595.4227460001084,1645.8625733156498,2077.739325831977,1471.3608854365523,1595.4227460001084,1574.7356417365434
2025-04-15 00:00:00,1744675200000,1621.543195596693,1595.4227460001084,2077.739325831977,1471.3608854365523,1621.543195596693,1584.1118393116606
2025-04-16 00:00:00,1744761600000,1587.8222244021401,1621.543195596693,2077.739325831977,1471.3608854365523,1587.8222244021401,1600.7491734496016
2025-04-17 00:00:00,1744848000000,1577.7073516760117,1587.8222244021401,2077.739325831977,1471.3608854365523,1577.7073516760117,1588.6312007655808
2025-04-18 00:00:00,1744934400000,1583.4764497002345,1577.7073516760117,2068.598435049149,1471.3608854365523,1583.4764497002345,1597.1380329738247
2025-04-19 00:00:00,1745020800000,1589.1516208270755,1583.4764497002345,2009.8835432902426,1471.3608854365523,1589.1516208270755,1600.1408802168448
2025-04-20 00:00:00,1745107200000,1615.0502549158562,1589.1516208270755,2003.3034241292064,1471.3608854365523,1615.0502549158562,1595.7391204454457
2025-04-21 00:00:00,1745193600000,1585.4600253443446,1615.0502549158562,1907.1671522994227,1471.3608854365523,1585.4600253443446,1594.3158746374793
2025-04-22 00:00:00,1745280000000,1577.4465595922347,1585.4600253443446,1907.1671522994227,1471.3608854365523,1577.4465595922347,1588.016355208271
2025-04-23 00:00:00,1745366400000,1759.7064599311093,1577.4465595922347,1907.1671522994227,1471.3608854365523,1759.7064599311093,1612.571245998124
2025-04-24 00:00:00,1745452800000,1793.969849485534,1759.7064599311093,1907.1671522994227,1471.3608854365523,1793.969849485534,1643.4658885423414
2025-04-25 00:00:00,1745539200000,1769.3925107354407,1793.969849485534,1907.1671522994227,1471.3608854365523,1769.3925107354407,1670.0253258330852
2025-04-26 00:00:00,1745625600000,1788.7981804331257,1769.3925107354407,1818.2844199542053,1471.3608854365523,1788.7981804331257,1698.5462629196634
2025-04-27 00:00:00,1745712000000,1821.2695303291391,1788.7981804331257,1821.2695303291391,1471.3608854365523,1821.2695303291391,1728.0061594072754
2025-04-28 00:00:00,1745798400000,1793.6918440730135,1821.2695303291391,1821.2695303291391,1471.3608854365523,1793.6918440730135,1757.7535620827998
2025-04-29 00:00:00,1745884800000,1799.50191449199,1793.6918440730135,1821.2695303291391,1471.3608854365523,1799.50191449199,1789.4757556399074
2025-04-30 00:00:00,1745971200000,1796.9720456768928,1799.50191449199,1821.2695303291391,1471.3608854365523,1796.9720456768928,1794.7994107464478
2025-05-01 00:00:00,1746057600000,1794.0495408617828,1796.9720456768928,1821.2695303291391,1471.3608854365523,1794.0495408617828,1794.810795228769
2025-05-02 00:00:00,1746144000000,1838.8543285925753,1794.0495408617828,1838.8543285925753,1471.3608854365523,1838.8543285925753,1804.7339120655026
2025-05-03 00:00:00,1746230400000,1841.427590836958,1838.8543285925753,1841.427590836958,1523.928624242526,1841.427590836958,1812.2523992660501
2025-05-04 00:00:00,1746316800000,1834.501911876416,1841.427590836958,1841.427590836958,1523.928624242526,1834.501911876416,1814.1427394870898
2025-05-05 00:00:00,1746403200000,1808.156093844096,1834.501911876416,1841.427590836958,1568.131690125936,1808.156093844096,1816.2090608829585
2025-05-06 00:00:00,1746489600000,1820.0044598893596,1808.156093844096,1841.427590836958,1577.4465595922347,1820.0044598893596,1819.1379959397257
2025-05-07 00:00:00,1746576000000,1816.1686943818438,1820.0044598893596,1841.427590836958,1577.4465595922347,1816.1686943818438,1821.8803743261474
2025-05-08 00:00:00,1746662400000,1810.3169269284476,1816.1686943818438,1841.427590836958,1577.4465595922347,1810.3169269284476,1824.2042866213853
2025-05-09 00:00:00,1746748800000,2197.5611893238784,1810.3169269284476,2197.5611893238784,1577.4465595922347,2197.5611893238784,1875.4481238687144
2025-05-10 00:00:00,1746835200000,2341.407963002621,2197.5611893238784,2341.407963002621,1577.4465595922347,2341.407963002621,1946.8738913209515
2025-05-11 00:00:00,1746921600000,2583.6829051429513,2341.407963002621,2583.6829051429513,1577.4465595922347,2583.6829051429513,2053.8997475018855
2025-05-12 00:00:00,1747008000000,2507.4693107597423,2583.6829051429513,2583.6829051429513,1577.4465595922347,2507.4693107597423,2153.801635632692
2025-05-13 00:00:00,1747094400000,2492.426391077375,2507.4693107597423,2583.6829051429513,1577.4465595922347,2492.426391077375,2249.861911516694
2025-05-14 00:00:00,1747180800000,2676.639163127913,2492.426391077375,2676.639163127913,1577.4465595922347,2676.639163127913,2372.786264194704
2025-05-15 00:00:00,1747267200000,2603.7180887199615,2676.639163127913,2676.639163127913,1577.4465595922347,2603.7180887199615,2486.1292873077773
2025-05-16 00:00:00,1747353600000,2542.296692466797,2603.7180887199615,2676.639163127913,1759.7064599311093,2542.296692466797,2535.377216328194
2025-05-17 00:00:00,1747440000000,2544.3870377235667,2542.296692466797,2676.639163127913,1769.3925107354407,2544.3870377235667,2564.374227002615
2025-05-18 00:00:00,1747526400000,2475.0543933696913,2544.3870377235667,2676.639163127913,1769.3925107354407,2475.0543933696913,2548.8558681778636
2025-05-19 00:00:00,1747612800000,2465.3409856139087,2475.0543933696913,2676.639163127913,1788.7981804331257,2465.3409856139087,2542.8375360141736
2025-05-20 00:00:00,1747699200000,2526.989643891319,2465.3409856139087,2676.639163127913,1793.6918440730135,2526.989643891319,2547.7751435590226
2025-05-21 00:00:00,1747785600000,2524.2743433146065,2526.989643891319,2676.639163127913,1793.6918440730135,2524.2743433146065,2526.00874072855
2025-05-22 00:00:00,1747872000000,2558.9502343769486,2524.2743433146065,2676.639163127913,1794.0495408617828,2558.9502343769486,2519.6133329652625
2025-05-23 00:00:00,1747958400000,2657.1674447566115,2558.9502343769486,2676.639163127913,1794.0495408617828,2657.1674447566115,2536.0234404352364
2025-05-24 00:00:00,1748044800000,2519.813809045145,2657.1674447566115,2676.639163127913,1794.0495408617828,2519.813809045145,2532.5129791954614
2025-05-25 00:00:00,1748131200000,2529.4429842284353,2519.813809045145,2676.639163127913,1808.156093844096,2529.4429842284353,2540.2827778895676
2025-05-26 00:00:00,1748217600000,2546.6201163370915,2529.4429842284353,2676.639163127913,1808.156093844096,2546.6201163370915,2551.894082278594
2025-05-27 00:00:00,1748304000000,2562.1729286392238,2546.6201163370915,2676.639163127913,1808.156093844096,2562.1729286392238,2556.920265814009
2025-05-28 00:00:00,1748390400000,2662.0940568241435,2562.1729286392238,2676.639163127913,1808.156093844096,2662.0940568241435,2576.608796315372
2025-05-29 00:00:00,1748476800000,2676.2674124507,2662.0940568241435,2676.639163127913,1810.3169269284476,2676.2674124507,2593.36839318305
2025-05-30 00:00:00,1748563200000,2633.1392065286695,2676.2674124507,2676.639163127913,1810.3169269284476,2633.1392065286695,2589.9357877219154
2025-05-31 00:00:00,1748649600000,2524.4762348050726,2633.1392065286695,2676.639163127913,1810.3169269284476,2524.4762348050726,2590.6018485447626
2025-06-01 00:00:00,1748736000000,2532.3627853090866,2524.4762348050726,2676.639163127913,2197.5611893238784,2532.3627853090866,2591.018962984855
2025-06-01 17:25:57,1748798757000,2542.0828401360677,2532.3627853090866,2676.639163127913,2341.407963002621,2542.0828401360677,2590.3707806704233
